Company_ID,taxable_income,federal_tax_provision,state_tax_provision,audit_risk_status
C0001,147051023,30880714.83,3676275.575,"LOW RISK"
C0002,96999099,20369810.79,2424977.475,"HIGH RISK: OVERPAYMENT"
C0003,56485071,11861864.91,1412126.775,"LOW RISK"
C0004,119489408,25092775.68,2987235.200,"HIGH RISK: UNDERPAYMENT"
C0005,160646322,33735727.62,4016158.050,"HIGH RISK: UNDERPAYMENT"
C0006,164493126,34543556.46,4112328.150,"HIGH RISK: UNDERPAYMENT"
C0007,184543050,38754040.50,4613576.250,"HIGH RISK: UNDERPAYMENT"
C0008,119457703,25086117.63,2986442.575,"HIGH RISK: OVERPAYMENT"
C0009,45724198,9602081.58,1143104.950,"HIGH RISK: OVERPAYMENT"
C0010,190245176,39951486.96,4756129.400,"HIGH RISK: UNDERPAYMENT"
C0011,107729762,22623250.02,2693244.050,"LOW RISK"
C0012,117938464,24767077.44,2948461.600,"HIGH RISK: UNDERPAYMENT"
C0013,152496622,32024290.62,3812415.550,"HIGH RISK: OVERPAYMENT"
C0014,116700090,24507018.90,2917502.250,"HIGH RISK: OVERPAYMENT"
C0015,178078551,37396495.71,4451963.775,"HIGH RISK: UNDERPAYMENT"
C0016,103735095,21784369.95,2593377.375,"HIGH RISK: UNDERPAYMENT"
C0017,80345570,16872569.70,2008639.250,"LOW RISK"
C0018,124383236,26120479.56,3109580.900,"LOW RISK"
C0019,90744343,19056312.03,2268608.575,"HIGH RISK: UNDERPAYMENT"
C0020,129643846,27225207.66,3241096.150,"LOW RISK"
C0021,101101047,21231219.87,2527526.175,"LOW RISK"
C0022,105015054,22053161.34,2625376.350,"HIGH RISK: UNDERPAYMENT"
C0023,200625804,42131418.84,5015645.100,"HIGH RISK: UNDERPAYMENT"
C0024,199707005,41938471.05,4992675.125,"HIGH RISK: UNDERPAYMENT"
C0025,25708500,5398785.00,642712.500,"HIGH RISK: OVERPAYMENT"
C0026,111046449,23319754.29,2776161.225,"HIGH RISK: OVERPAYMENT"
C0027,18086945,3798258.45,452173.625,"HIGH RISK: OVERPAYMENT"
C0028,162286373,34080138.33,4057159.325,"HIGH RISK: OVERPAYMENT"
C0029,127848963,26848282.23,3196224.075,"LOW RISK"
C0030,152456333,32015829.93,3811408.325,"LOW RISK"
C0031,181818772,38181942.12,4545469.300,"HIGH RISK: OVERPAYMENT"
C0032,165011667,34652450.07,4125291.675,"HIGH RISK: UNDERPAYMENT"
C0033,13862631,2911152.51,346565.775,"LOW RISK"
C0034,170099280,35720848.80,4252482.000,"LOW RISK"
C0035,114456474,24035859.54,2861411.850,"LOW RISK"
C0036,108635656,22813487.76,2715891.400,"HIGH RISK: UNDERPAYMENT"
C0037,203487483,42732371.43,5087187.075,"LOW RISK"
C0038,113765153,23890682.13,2844128.825,"HIGH RISK: OVERPAYMENT"
C0039,18771279,3941968.59,469281.975,"LOW RISK"
C0040,31483976,6611634.96,787099.400,"HIGH RISK: OVERPAYMENT"
C0041,18698986,3926787.06,467474.650,"HIGH RISK: UNDERPAYMENT"
C0042,78869729,16562643.09,1971743.225,"HIGH RISK: OVERPAYMENT"
C0043,140962173,29602056.33,3524054.325,"LOW RISK"
C0044,56229750,11808247.50,1405743.750,"LOW RISK"
C0045,44913720,9431881.20,1122843.000,"HIGH RISK: UNDERPAYMENT"
C0046,85989184,18057728.64,2149729.600,"HIGH RISK: UNDERPAYMENT"
C0047,104535523,21952459.83,2613388.075,"LOW RISK"
C0048,8492707,1783468.47,212317.675,"HIGH RISK: UNDERPAYMENT"
C0049,130459387,27396471.27,3261484.675,"LOW RISK"
C0050,175260632,36804732.72,4381515.800,"HIGH RISK: UNDERPAYMENT"
C0051,71571915,15030102.15,1789297.875,"HIGH RISK: OVERPAYMENT"
C0052,195659386,41088471.06,4891484.650,"HIGH RISK: OVERPAYMENT"
C0053,71605131,15037077.51,1790128.275,"HIGH RISK: UNDERPAYMENT"
C0054,188210324,39524168.04,4705258.100,"LOW RISK"
C0055,4637919,973962.99,115947.975,"HIGH RISK: OVERPAYMENT"
C0056,112439604,23612316.84,2810990.100,"LOW RISK"
C0057,24920197,5233241.37,623004.925,"HIGH RISK: UNDERPAYMENT"
C0058,49116891,10314547.11,1227922.275,"LOW RISK"
C0059,72873464,15303427.44,1821836.600,"HIGH RISK: UNDERPAYMENT"
C0060,117770159,24731733.39,2944253.975,"HIGH RISK: UNDERPAYMENT"
C0061,106241221,22310656.41,2656030.525,"HIGH RISK: UNDERPAYMENT"
C0062,77476998,16270169.58,1936924.950,"LOW RISK"
C0063,62852262,13198975.02,1571306.550,"HIGH RISK: UNDERPAYMENT"
C0064,124234370,26089217.70,3105859.250,"HIGH RISK: OVERPAYMENT"
C0065,93410376,19616178.96,2335259.400,"HIGH RISK: UNDERPAYMENT"
C0066,152633162,32052964.02,3815829.050,"HIGH RISK: UNDERPAYMENT"
C0067,148197817,31121541.57,3704945.425,"LOW RISK"
C0068,37039627,7778321.67,925990.675,"HIGH RISK: UNDERPAYMENT"
C0069,96838674,20336121.54,2420966.850,"LOW RISK"
C0070,181971193,38213950.53,4549279.825,"HIGH RISK: UNDERPAYMENT"
C0071,150297223,31562416.83,3757430.575,"HIGH RISK: UNDERPAYMENT"
C0072,108882331,22865289.51,2722058.275,"HIGH RISK: UNDERPAYMENT"
C0073,150148330,31531149.30,3753708.250,"LOW RISK"
C0074,82235930,17269545.30,2055898.250,"HIGH RISK: UNDERPAYMENT"
C0075,194150392,40771582.32,4853759.800,"HIGH RISK: OVERPAYMENT"
C0076,137659084,28908407.64,3441477.100,"LOW RISK"
C0077,32591381,6844190.01,814784.525,"LOW RISK"
C0078,188489753,39582848.13,4712243.825,"LOW RISK"
C0079,121601939,25536407.19,3040048.475,"LOW RISK"
C0080,2010406,422185.26,50260.150,"HIGH RISK: OVERPAYMENT"
C0081,96954743,20360496.03,2423868.575,"HIGH RISK: UNDERPAYMENT"
C0082,50746004,10656660.84,1268650.100,"HIGH RISK: UNDERPAYMENT"
C0083,146287196,30720311.16,3657179.900,"HIGH RISK: UNDERPAYMENT"
C0084,51914822,10902112.62,1297870.550,"HIGH RISK: UNDERPAYMENT"
C0085,4618677,969922.17,115466.925,"HIGH RISK: UNDERPAYMENT"
C0086,63981189,13436049.69,1599529.725,"LOW RISK"
C0087,142802500,29988525.00,3570062.500,"LOW RISK"
C0088,110413102,23186751.42,2760327.550,"HIGH RISK: OVERPAYMENT"
C0089,40192265,8440375.65,1004806.625,"HIGH RISK: UNDERPAYMENT"
C0090,21739050,4565200.50,543476.250,"HIGH RISK: UNDERPAYMENT"
C0091,193768294,40691341.74,4844207.350,"HIGH RISK: OVERPAYMENT"
C0092,166470326,34958768.46,4161758.150,"HIGH RISK: OVERPAYMENT"
C0093,17279430,3628680.30,431985.750,"LOW RISK"
C0094,153577966,32251372.86,3839449.150,"LOW RISK"
C0095,43188037,9069487.77,1079700.925,"HIGH RISK: OVERPAYMENT"
C0096,107283398,22529513.58,2682084.950,"LOW RISK"
C0097,7338882,1541165.22,183472.050,"HIGH RISK: UNDERPAYMENT"
C0098,43704792,9178006.32,1092619.800,"HIGH RISK: OVERPAYMENT"
C0099,29801575,6258330.75,745039.375,"LOW RISK"
C0100,158460299,33276662.79,3961507.475,"HIGH RISK: UNDERPAYMENT"
C0101,151629673,31842231.33,3790741.825,"LOW RISK"
C0102,7247845,1522047.45,181196.125,"HIGH RISK: UNDERPAYMENT"
C0103,89203737,18732784.77,2230093.425,"HIGH RISK: OVERPAYMENT"
C0104,190117463,39924667.23,4752936.575,"HIGH RISK: UNDERPAYMENT"
C0105,80476787,16900125.27,2011919.675,"HIGH RISK: OVERPAYMENT"
C0106,201338815,42281151.15,5033470.375,"LOW RISK"
C0107,82012181,17222558.01,2050304.525,"HIGH RISK: UNDERPAYMENT"
C0108,169539005,35603191.05,4238475.125,"HIGH RISK: UNDERPAYMENT"
C0109,174606262,36667315.02,4365156.550,"HIGH RISK: OVERPAYMENT"
C0110,136678019,28702383.99,3416950.475,"HIGH RISK: OVERPAYMENT"
C0111,68394244,14362791.24,1709856.100,"HIGH RISK: UNDERPAYMENT"
C0112,34605632,7267182.72,865140.800,"HIGH RISK: UNDERPAYMENT"
C0113,167977606,35275297.26,4199440.150,"LOW RISK"
C0114,75908092,15940699.32,1897702.300,"HIGH RISK: OVERPAYMENT"
C0115,157893555,33157646.55,3947338.875,"HIGH RISK: UNDERPAYMENT"
C0116,62225778,13067413.38,1555644.450,"LOW RISK"
C0117,197791962,41536312.02,4944799.050,"LOW RISK"
C0118,126671493,26601013.53,3166787.325,"HIGH RISK: UNDERPAYMENT"
C0119,19639498,4124294.58,490987.450,"LOW RISK"
C0120,59929620,12585220.20,1498240.500,"HIGH RISK: UNDERPAYMENT"
C0121,72237092,15169789.32,1805927.300,"HIGH RISK: OVERPAYMENT"
C0122,90800376,19068078.96,2270009.400,"LOW RISK"
C0123,75662876,15889203.96,1891571.900,"LOW RISK"
C0124,136372537,28638232.77,3409313.425,"HIGH RISK: UNDERPAYMENT"
C0125,110580456,23221895.76,2764511.400,"HIGH RISK: UNDERPAYMENT"
C0126,88642319,18614886.99,2216057.975,"HIGH RISK: OVERPAYMENT"
C0127,118165973,24814854.33,2954149.325,"LOW RISK"
C0128,142082988,29837427.48,3552074.700,"LOW RISK"
C0129,9424456,1979135.76,235611.400,"LOW RISK"
C0130,164541638,34553743.98,4113540.950,"LOW RISK"
C0131,13668500,2870385.00,341712.500,"HIGH RISK: UNDERPAYMENT"
C0132,53376764,11209120.44,1334419.100,"HIGH RISK: UNDERPAYMENT"
C0133,25862003,5431020.63,646550.075,"HIGH RISK: UNDERPAYMENT"
C0134,12642456,2654915.76,316061.400,"HIGH RISK: OVERPAYMENT"
C0135,31342405,6581905.05,783560.125,"HIGH RISK: UNDERPAYMENT"
C0136,128985061,27086862.81,3224626.525,"HIGH RISK: UNDERPAYMENT"
C0137,150349758,31573449.18,3758743.950,"HIGH RISK: OVERPAYMENT"
C0138,113933030,23925936.30,2848325.750,"HIGH RISK: UNDERPAYMENT"
C0139,13511936,2837506.56,337798.400,"LOW RISK"
C0140,32360324,6795668.04,809008.100,"HIGH RISK: UNDERPAYMENT"
C0141,37778571,7933499.91,944464.275,"HIGH RISK: UNDERPAYMENT"
C0142,16268785,3416444.85,406719.625,"HIGH RISK: UNDERPAYMENT"
C0143,192847678,40498012.38,4821191.950,"HIGH RISK: UNDERPAYMENT"
C0144,200650879,42136684.59,5016271.975,"HIGH RISK: OVERPAYMENT"
C0145,175521408,36859495.68,4388035.200,"LOW RISK"
C0146,139376015,29268963.15,3484400.375,"HIGH RISK: UNDERPAYMENT"
C0147,45259957,9504590.97,1131498.925,"HIGH RISK: UNDERPAYMENT"
C0148,32844133,6897267.93,821103.325,"LOW RISK"
C0149,153794617,32296869.57,3844865.425,"HIGH RISK: UNDERPAYMENT"
C0150,167400097,35154020.37,4185002.425,"HIGH RISK: UNDERPAYMENT"
C0151,153264329,32185509.09,3831608.225,"LOW RISK"
C0152,142632511,29952827.31,3565812.775,"HIGH RISK: OVERPAYMENT"
C0153,47895573,10058070.33,1197389.325,"HIGH RISK: UNDERPAYMENT"
C0154,50737106,10654792.26,1268427.650,"HIGH RISK: OVERPAYMENT"
C0155,88991523,18688219.83,2224788.075,"HIGH RISK: OVERPAYMENT"
C0156,190763182,40060268.22,4769079.550,"HIGH RISK: UNDERPAYMENT"
C0157,41147864,8641051.44,1028696.600,"HIGH RISK: OVERPAYMENT"
C0158,91598880,19235764.80,2289972.000,"HIGH RISK: OVERPAYMENT"
C0159,149835607,31465477.47,3745890.175,"HIGH RISK: UNDERPAYMENT"
C0160,35609332,7477959.72,890233.300,"HIGH RISK: OVERPAYMENT"
C0161,171996933,36119355.93,4299923.325,"HIGH RISK: UNDERPAYMENT"
C0162,24888761,5226639.81,622219.025,"HIGH RISK: UNDERPAYMENT"
C0163,59651306,12526774.26,1491282.650,"HIGH RISK: OVERPAYMENT"
C0164,103230095,21678319.95,2580752.375,"LOW RISK"
C0165,98281995,20639218.95,2457049.875,"HIGH RISK: UNDERPAYMENT"
C0166,164853627,34619261.67,4121340.675,"HIGH RISK: UNDERPAYMENT"
C0167,157304698,33033986.58,3932617.450,"HIGH RISK: OVERPAYMENT"
C0168,102583089,21542448.69,2564577.225,"HIGH RISK: OVERPAYMENT"
C0169,13709238,2878939.98,342730.950,"LOW RISK"
C0170,132700646,27867135.66,3317516.150,"HIGH RISK: OVERPAYMENT"
C0171,34223310,7186895.10,855582.750,"HIGH RISK: UNDERPAYMENT"
C0172,34287297,7200332.37,857182.425,"HIGH RISK: UNDERPAYMENT"
C0173,177735802,37324518.42,4443395.050,"LOW RISK"
C0174,71243996,14961239.16,1781099.900,"HIGH RISK: OVERPAYMENT"
C0175,75158826,15783353.46,1878970.650,"HIGH RISK: UNDERPAYMENT"
C0176,132616389,27849441.69,3315409.725,"HIGH RISK: UNDERPAYMENT"
C0177,202215035,42465157.35,5055375.875,"HIGH RISK: OVERPAYMENT"
C0178,48384325,10160708.25,1209608.125,"HIGH RISK: OVERPAYMENT"
C0179,199928347,41984952.87,4998208.675,"LOW RISK"
C0180,131798640,27677714.40,3294966.000,"HIGH RISK: UNDERPAYMENT"
C0181,45259441,9504482.61,1131486.025,"HIGH RISK: OVERPAYMENT"
C0182,157753879,33128314.59,3943846.975,"HIGH RISK: OVERPAYMENT"
C0183,41582302,8732283.42,1039557.550,"LOW RISK"
C0184,33963800,7132398.00,849095.000,"HIGH RISK: OVERPAYMENT"
C0185,89978583,18895502.43,2249464.575,"HIGH RISK: OVERPAYMENT"
C0186,150757805,31659139.05,3768945.125,"HIGH RISK: OVERPAYMENT"
C0187,111315338,23376220.98,2782883.450,"HIGH RISK: OVERPAYMENT"
C0188,109901450,23079304.50,2747536.250,"LOW RISK"
C0189,131255174,27563586.54,3281379.350,"LOW RISK"
C0190,195967418,41153157.78,4899185.450,"LOW RISK"
C0191,93179512,19567697.52,2329487.800,"LOW RISK"
C0192,150456035,31595767.35,3761400.875,"HIGH RISK: OVERPAYMENT"
C0193,55339719,11621340.99,1383492.975,"HIGH RISK: OVERPAYMENT"
C0194,14178599,2977505.79,354464.975,"LOW RISK"
C0195,112884167,23705675.07,2822104.175,"LOW RISK"
C0196,48391314,10162175.94,1209782.850,"LOW RISK"
C0197,72610442,15248192.82,1815261.050,"LOW RISK"
C0198,196516846,41268537.66,4912921.150,"LOW RISK"
C0199,184093195,38659570.95,4602329.875,"HIGH RISK: UNDERPAYMENT"
C0200,74769681,15701633.01,1869242.025,"LOW RISK"
C0201,100678146,21142410.66,2516953.650,"HIGH RISK: UNDERPAYMENT"
C0202,159948979,33589285.59,3998724.475,"HIGH RISK: UNDERPAYMENT"
C0203,100226577,21047581.17,2505664.425,"HIGH RISK: OVERPAYMENT"
C0204,30636328,6433628.88,765908.200,"HIGH RISK: UNDERPAYMENT"
C0205,183558207,38547223.47,4588955.175,"HIGH RISK: UNDERPAYMENT"
C0206,94366050,19816870.50,2359151.250,"HIGH RISK: UNDERPAYMENT"
C0207,147043380,30879109.80,3676084.500,"HIGH RISK: UNDERPAYMENT"
C0208,181810737,38180254.77,4545268.425,"HIGH RISK: OVERPAYMENT"
C0209,201887420,42396358.20,5047185.500,"LOW RISK"
C0210,197369046,41447499.66,4934226.150,"HIGH RISK: OVERPAYMENT"
C0211,47184647,9908775.87,1179616.175,"HIGH RISK: UNDERPAYMENT"
C0212,174138811,36569150.31,4353470.275,"HIGH RISK: UNDERPAYMENT"
C0213,154448946,32434278.66,3861223.650,"HIGH RISK: UNDERPAYMENT"
C0214,87577472,18391269.12,2189436.800,"HIGH RISK: OVERPAYMENT"
C0215,120548664,25315219.44,3013716.600,"LOW RISK"
C0216,132866645,27901995.45,3321666.125,"HIGH RISK: OVERPAYMENT"
C0217,198332859,41649900.39,4958321.475,"LOW RISK"
C0218,167678596,35212505.16,4191964.900,"LOW RISK"
C0219,83702871,17577602.91,2092571.775,"HIGH RISK: OVERPAYMENT"
C0220,21939435,4607281.35,548485.875,"HIGH RISK: OVERPAYMENT"
C0221,128585988,27003057.48,3214649.700,"HIGH RISK: UNDERPAYMENT"
C0222,155737827,32704943.67,3893445.675,"HIGH RISK: UNDERPAYMENT"
C0223,159107530,33412581.30,3977688.250,"LOW RISK"
C0224,152682119,32063244.99,3817052.975,"LOW RISK"
C0225,134020265,28144255.65,3350506.625,"HIGH RISK: OVERPAYMENT"
C0226,160808223,33769726.83,4020205.575,"LOW RISK"
C0227,64632136,13572748.56,1615803.400,"HIGH RISK: UNDERPAYMENT"
C0228,94678002,19882380.42,2366950.050,"HIGH RISK: OVERPAYMENT"
C0229,116576956,24481160.76,2914423.900,"HIGH RISK: OVERPAYMENT"
C0230,76101926,15981404.46,1902548.150,"HIGH RISK: UNDERPAYMENT"
C0231,147271847,30927087.87,3681796.175,"HIGH RISK: OVERPAYMENT"
C0232,132630116,27852324.36,3315752.900,"HIGH RISK: UNDERPAYMENT"
C0233,67998307,14279644.47,1699957.675,"HIGH RISK: UNDERPAYMENT"
C0234,191468225,40208327.25,4786705.625,"HIGH RISK: OVERPAYMENT"
C0235,92916777,19512523.17,2322919.425,"LOW RISK"
C0236,34223670,7186970.70,855591.750,"HIGH RISK: UNDERPAYMENT"
C0237,158248944,33232278.24,3956223.600,"HIGH RISK: UNDERPAYMENT"
C0238,63087384,13248350.64,1577184.600,"HIGH RISK: OVERPAYMENT"
C0239,117567425,24689159.25,2939185.625,"HIGH RISK: UNDERPAYMENT"
C0240,51093390,10729611.90,1277334.750,"LOW RISK"
C0241,40614934,8529136.14,1015373.350,"LOW RISK"
C0242,45319192,9517030.32,1132979.800,"HIGH RISK: UNDERPAYMENT"
C0243,135597467,28475468.07,3389936.675,"LOW RISK"
C0244,183450304,38524563.84,4586257.600,"HIGH RISK: OVERPAYMENT"
C0245,164048169,34450115.49,4101204.225,"LOW RISK"
C0246,71075893,14925937.53,1776897.325,"HIGH RISK: UNDERPAYMENT"
C0247,110971341,23303981.61,2774283.525,"HIGH RISK: UNDERPAYMENT"
C0248,131262999,27565229.79,3281574.975,"LOW RISK"
C0249,8134830,1708314.30,203370.750,"HIGH RISK: OVERPAYMENT"
C0250,155503910,32655821.10,3887597.750,"HIGH RISK: UNDERPAYMENT"
C0251,73969629,15533622.09,1849240.725,"HIGH RISK: UNDERPAYMENT"
C0252,88037762,18487930.02,2200944.050,"HIGH RISK: UNDERPAYMENT"
C0253,121561620,25527940.20,3039040.500,"LOW RISK"
C0254,36015181,7563188.01,900379.525,"HIGH RISK: UNDERPAYMENT"
C0255,65053531,13661241.51,1626338.275,"HIGH RISK: OVERPAYMENT"
C0256,141875728,29793902.88,3546893.200,"HIGH RISK: UNDERPAYMENT"
C0257,44418557,9327896.97,1110463.925,"HIGH RISK: OVERPAYMENT"
C0258,43867359,9212145.39,1096683.975,"LOW RISK"
C0259,68323194,14347870.74,1708079.850,"LOW RISK"
C0260,133117592,27954694.32,3327939.800,"HIGH RISK: UNDERPAYMENT"
C0261,127439710,26762339.10,3185992.750,"HIGH RISK: OVERPAYMENT"
C0262,32913002,6911730.42,822825.050,"HIGH RISK: UNDERPAYMENT"
C0263,53698977,11276785.17,1342474.425,"HIGH RISK: UNDERPAYMENT"
C0264,120036790,25207725.90,3000919.750,"LOW RISK"
C0265,103320089,21697218.69,2583002.225,"HIGH RISK: OVERPAYMENT"
C0266,54400262,11424055.02,1360006.550,"HIGH RISK: UNDERPAYMENT"
C0267,194722362,40891696.02,4868059.050,"HIGH RISK: UNDERPAYMENT"
C0268,75920355,15943274.55,1898008.875,"HIGH RISK: OVERPAYMENT"
C0269,103939712,21827339.52,2598492.800,"HIGH RISK: OVERPAYMENT"
C0270,7133086,1497948.06,178327.150,"HIGH RISK: UNDERPAYMENT"
C0271,142439487,29912292.27,3560987.175,"LOW RISK"
C0272,169953989,35690337.69,4248849.725,"LOW RISK"
C0273,185192333,38890389.93,4629808.325,"LOW RISK"
C0274,193409501,40615995.21,4835237.525,"HIGH RISK: OVERPAYMENT"
C0275,138989493,29187793.53,3474737.325,"HIGH RISK: UNDERPAYMENT"
C0276,147216913,30915551.73,3680422.825,"HIGH RISK: OVERPAYMENT"
C0277,30185815,6339021.15,754645.375,"LOW RISK"
C0278,103233922,21679123.62,2580848.050,"LOW RISK"
C0279,123580470,25951898.70,3089511.750,"LOW RISK"
C0280,25561108,5367832.68,639027.700,"HIGH RISK: OVERPAYMENT"
C0281,14453419,3035217.99,361335.475,"HIGH RISK: UNDERPAYMENT"
C0282,158223701,33226977.21,3955592.525,"HIGH RISK: UNDERPAYMENT"
C0283,189462123,39787045.83,4736553.075,"HIGH RISK: UNDERPAYMENT"
C0284,163112383,34253600.43,4077809.575,"HIGH RISK: OVERPAYMENT"
C0285,103560845,21747777.45,2589021.125,"HIGH RISK: OVERPAYMENT"
C0286,99417661,20877708.81,2485441.525,"LOW RISK"
C0287,4330066,909313.86,108251.650,"HIGH RISK: UNDERPAYMENT"
C0288,43502508,9135526.68,1087562.700,"HIGH RISK: OVERPAYMENT"
C0289,200957758,42201129.18,5023943.950,"HIGH RISK: OVERPAYMENT"
C0290,2249108,472312.68,56227.700,"LOW RISK"
C0291,73017625,15333701.25,1825440.625,"HIGH RISK: UNDERPAYMENT"
C0292,122779603,25783716.63,3069490.075,"HIGH RISK: UNDERPAYMENT"
C0293,158072955,33195320.55,3951823.875,"LOW RISK"
C0294,163312255,34295573.55,4082806.375,"HIGH RISK: OVERPAYMENT"
C0295,68751494,14437813.74,1718787.350,"HIGH RISK: UNDERPAYMENT"
C0296,166034834,34867315.14,4150870.850,"LOW RISK"
C0297,154374510,32418647.10,3859362.750,"HIGH RISK: UNDERPAYMENT"
C0298,64514446,13548033.66,1612861.150,"HIGH RISK: OVERPAYMENT"
C0299,157724656,33122177.76,3943116.400,"LOW RISK"
C0300,133702209,28077463.89,3342555.225,"HIGH RISK: UNDERPAYMENT"
C0301,199920538,41983312.98,4998013.450,"LOW RISK"
C0302,62632530,13152831.30,1565813.250,"HIGH RISK: UNDERPAYMENT"
C0303,97666291,20509921.11,2441657.275,"HIGH RISK: UNDERPAYMENT"
C0304,103746410,21786746.10,2593660.250,"HIGH RISK: OVERPAYMENT"
C0305,52389815,11001861.15,1309745.375,"HIGH RISK: UNDERPAYMENT"
C0306,88176897,18517148.37,2204422.425,"HIGH RISK: UNDERPAYMENT"
C0307,115958495,24351283.95,2898962.375,"HIGH RISK: UNDERPAYMENT"
C0308,159664657,33529577.97,3991616.425,"HIGH RISK: UNDERPAYMENT"
C0309,174276859,36598140.39,4356921.475,"HIGH RISK: UNDERPAYMENT"
C0310,40461284,8496869.64,1011532.100,"HIGH RISK: UNDERPAYMENT"
C0311,128801358,27048285.18,3220033.950,"LOW RISK"
C0312,71574786,15030705.06,1789369.650,"HIGH RISK: UNDERPAYMENT"
C0313,67809984,14240096.64,1695249.600,"HIGH RISK: OVERPAYMENT"
C0314,41275542,8667863.82,1031888.550,"HIGH RISK: UNDERPAYMENT"
C0315,18434478,3871240.38,460861.950,"HIGH RISK: UNDERPAYMENT"
C0316,146980713,30865949.73,3674517.825,"HIGH RISK: UNDERPAYMENT"
C0317,116911973,24551514.33,2922799.325,"HIGH RISK: OVERPAYMENT"
C0318,69248135,14542108.35,1731203.375,"LOW RISK"
C0319,137522257,28879673.97,3438056.425,"HIGH RISK: OVERPAYMENT"
C0320,16211510,3404417.10,405287.750,"HIGH RISK: UNDERPAYMENT"
C0321,71174265,14946595.65,1779356.625,"HIGH RISK: OVERPAYMENT"
C0322,200667144,42140100.24,5016678.600,"HIGH RISK: UNDERPAYMENT"
C0323,58065849,12193828.29,1451646.225,"HIGH RISK: UNDERPAYMENT"
C0324,40705624,8548181.04,1017640.600,"LOW RISK"
C0325,93885592,19715974.32,2347139.800,"HIGH RISK: UNDERPAYMENT"
C0326,192745929,40476645.09,4818648.225,"HIGH RISK: OVERPAYMENT"
C0327,22237991,4669978.11,555949.775,"HIGH RISK: UNDERPAYMENT"
C0328,175454959,36845541.39,4386373.975,"HIGH RISK: OVERPAYMENT"
C0329,150248779,31552243.59,3756219.475,"LOW RISK"
C0330,152730675,32073441.75,3818266.875,"LOW RISK"
C0331,100499335,21104860.35,2512483.375,"HIGH RISK: UNDERPAYMENT"
C0332,51375129,10788777.09,1284378.225,"HIGH RISK: UNDERPAYMENT"
C0333,171737962,36064972.02,4293449.050,"HIGH RISK: OVERPAYMENT"
C0334,67792574,14236440.54,1694814.350,"HIGH RISK: UNDERPAYMENT"
C0335,190792814,40066490.94,4769820.350,"LOW RISK"
C0336,100544072,21114255.12,2513601.800,"HIGH RISK: OVERPAYMENT"
C0337,130064189,27313479.69,3251604.725,"HIGH RISK: UNDERPAYMENT"
C0338,78907291,16570531.11,1972682.275,"LOW RISK"
C0339,172562386,36238101.06,4314059.650,"LOW RISK"
C0340,40282867,8459402.07,1007071.675,"HIGH RISK: UNDERPAYMENT"
C0341,2183047,458439.87,54576.175,"HIGH RISK: UNDERPAYMENT"
C0342,161633748,33943087.08,4040843.700,"LOW RISK"
C0343,165626560,34781577.60,4140664.000,"HIGH RISK: UNDERPAYMENT"
C0344,8659651,1818526.71,216491.275,"HIGH RISK: OVERPAYMENT"
C0345,185976959,39055161.39,4649423.975,"HIGH RISK: UNDERPAYMENT"
C0346,34914916,7332132.36,872872.900,"HIGH RISK: OVERPAYMENT"
C0347,137900555,28959116.55,3447513.875,"HIGH RISK: UNDERPAYMENT"
C0348,137204927,28813034.67,3430123.175,"LOW RISK"
C0349,103413685,21716873.85,2585342.125,"LOW RISK"
C0350,7818988,1641987.48,195474.700,"HIGH RISK: UNDERPAYMENT"
C0351,126664562,26599558.02,3166614.050,"HIGH RISK: UNDERPAYMENT"
C0352,43827025,9203675.25,1095675.625,"HIGH RISK: OVERPAYMENT"
C0353,109974819,23094711.99,2749370.475,"HIGH RISK: OVERPAYMENT"
C0354,62576717,13141110.57,1564417.925,"HIGH RISK: UNDERPAYMENT"
C0355,134669348,28280563.08,3366733.700,"LOW RISK"
C0356,9900375,2079078.75,247509.375,"HIGH RISK: UNDERPAYMENT"
C0357,19614021,4118944.41,490350.525,"HIGH RISK: UNDERPAYMENT"
C0358,77662869,16309202.49,1941571.725,"LOW RISK"
C0359,87293668,18331670.28,2182341.700,"HIGH RISK: OVERPAYMENT"
C0360,53292861,11191500.81,1332321.525,"HIGH RISK: UNDERPAYMENT"
C0361,9470051,1988710.71,236751.275,"HIGH RISK: OVERPAYMENT"
C0362,27119740,5695145.40,677993.500,"HIGH RISK: UNDERPAYMENT"
C0363,16274162,3417574.02,406854.050,"LOW RISK"
C0364,32306940,6784457.40,807673.500,"LOW RISK"
C0365,70529827,14811263.67,1763245.675,"LOW RISK"
C0366,74052543,15551034.03,1851313.575,"LOW RISK"
C0367,65050868,13660682.28,1626271.700,"HIGH RISK: UNDERPAYMENT"
C0368,195372838,41028295.98,4884320.950,"HIGH RISK: OVERPAYMENT"
C0369,74680126,15682826.46,1867003.150,"HIGH RISK: OVERPAYMENT"
C0370,40196924,8441354.04,1004923.100,"HIGH RISK: UNDERPAYMENT"
C0371,42120178,8845237.38,1053004.450,"HIGH RISK: OVERPAYMENT"
C0372,90052022,18910924.62,2251300.550,"HIGH RISK: UNDERPAYMENT"
C0373,140645336,29535520.56,3516133.400,"HIGH RISK: OVERPAYMENT"
C0374,159646270,33525716.70,3991156.750,"HIGH RISK: UNDERPAYMENT"
C0375,165991126,34858136.46,4149778.150,"HIGH RISK: UNDERPAYMENT"
C0376,192711642,40469444.82,4817791.050,"HIGH RISK: UNDERPAYMENT"
C0377,149362393,31366102.53,3734059.825,"LOW RISK"
C0378,179914515,37782048.15,4497862.875,"LOW RISK"
C0379,29459344,6186462.24,736483.600,"HIGH RISK: UNDERPAYMENT"
C0380,195684259,41093694.39,4892106.475,"HIGH RISK: UNDERPAYMENT"
C0381,88388582,18561602.22,2209714.550,"HIGH RISK: UNDERPAYMENT"
C0382,49246428,10341749.88,1231160.700,"LOW RISK"
C0383,53344985,11202446.85,1333624.625,"LOW RISK"
C0384,136722502,28711725.42,3418062.550,"HIGH RISK: UNDERPAYMENT"
C0385,106125791,22286416.11,2653144.775,"HIGH RISK: UNDERPAYMENT"
C0386,115085946,24168048.66,2877148.650,"HIGH RISK: OVERPAYMENT"
C0387,161581863,33932191.23,4039546.575,"HIGH RISK: UNDERPAYMENT"
C0388,142436352,29911633.92,3560908.800,"HIGH RISK: UNDERPAYMENT"
C0389,192814817,40491111.57,4820370.425,"HIGH RISK: UNDERPAYMENT"
C0390,62152855,13052099.55,1553821.375,"HIGH RISK: UNDERPAYMENT"
C0391,58109023,12202894.83,1452725.575,"LOW RISK"
C0392,190302443,39963513.03,4757561.075,"LOW RISK"
C0393,146023839,30665006.19,3650595.975,"HIGH RISK: UNDERPAYMENT"
C0394,183409081,38515907.01,4585227.025,"HIGH RISK: OVERPAYMENT"
C0395,102731430,21573600.30,2568285.750,"HIGH RISK: UNDERPAYMENT"
C0396,70530946,14811498.66,1763273.650,"HIGH RISK: OVERPAYMENT"
C0397,72973388,15324411.48,1824334.700,"LOW RISK"
C0398,76810766,16130260.86,1920269.150,"LOW RISK"
C0399,65998904,13859769.84,1649972.600,"HIGH RISK: UNDERPAYMENT"
C0400,115170088,24185718.48,2879252.200,"HIGH RISK: UNDERPAYMENT"
C0401,190577003,40021170.63,4764425.075,"LOW RISK"
C0402,102686775,21564222.75,2567169.375,"LOW RISK"
C0403,53812347,11300592.87,1345308.675,"HIGH RISK: UNDERPAYMENT"
C0404,141853584,29789252.64,3546339.600,"HIGH RISK: OVERPAYMENT"
C0405,75209264,15793945.44,1880231.600,"HIGH RISK: OVERPAYMENT"
C0406,76634649,16093276.29,1915866.225,"LOW RISK"
C0407,179778016,37753383.36,4494450.400,"HIGH RISK: OVERPAYMENT"
C0408,75587631,15873402.51,1889690.775,"HIGH RISK: UNDERPAYMENT"
C0409,61964883,13012625.43,1549122.075,"HIGH RISK: UNDERPAYMENT"
C0410,132059304,27732453.84,3301482.600,"HIGH RISK: UNDERPAYMENT"
C0411,86791229,18226158.09,2169780.725,"LOW RISK"
C0412,96454855,20255519.55,2411371.375,"HIGH RISK: UNDERPAYMENT"
C0413,174998428,36749669.88,4374960.700,"HIGH RISK: OVERPAYMENT"
C0414,74095995,15560158.95,1852399.875,"HIGH RISK: UNDERPAYMENT"
C0415,116888809,24546649.89,2922220.225,"HIGH RISK: UNDERPAYMENT"
C0416,163642715,34364970.15,4091067.875,"HIGH RISK: OVERPAYMENT"
C0417,183051259,38440764.39,4576281.475,"HIGH RISK: UNDERPAYMENT"
C0418,180891916,37987302.36,4522297.900,"HIGH RISK: UNDERPAYMENT"
C0419,119550818,25105671.78,2988770.450,"LOW RISK"
C0420,77239049,16220200.29,1930976.225,"HIGH RISK: UNDERPAYMENT"
C0421,62245259,13071504.39,1556131.475,"HIGH RISK: UNDERPAYMENT"
C0422,194540557,40853516.97,4863513.925,"HIGH RISK: UNDERPAYMENT"
C0423,22181066,4658023.86,554526.650,"LOW RISK"
C0424,185890250,39036952.50,4647256.250,"HIGH RISK: OVERPAYMENT"
C0425,52594077,11044756.17,1314851.925,"HIGH RISK: OVERPAYMENT"
C0426,131115175,27534186.75,3277879.375,"HIGH RISK: UNDERPAYMENT"
C0427,173839696,36506336.16,4345992.400,"HIGH RISK: UNDERPAYMENT"
C0428,111776365,23473036.65,2794409.125,"LOW RISK"
C0429,121569921,25529683.41,3039248.025,"HIGH RISK: OVERPAYMENT"
C0430,147017373,30873648.33,3675434.325,"HIGH RISK: UNDERPAYMENT"
C0431,111564318,23428506.78,2789107.950,"HIGH RISK: UNDERPAYMENT"
C0432,54641406,11474695.26,1366035.150,"HIGH RISK: OVERPAYMENT"
C0433,91033436,19117021.56,2275835.900,"HIGH RISK: OVERPAYMENT"
C0434,73740762,15485560.02,1843519.050,"HIGH RISK: UNDERPAYMENT"
C0435,115295490,24212052.90,2882387.250,"HIGH RISK: UNDERPAYMENT"
C0436,41515516,8718258.36,1037887.900,"HIGH RISK: UNDERPAYMENT"
C0437,68019215,14284035.15,1700480.375,"HIGH RISK: UNDERPAYMENT"
C0438,140776153,29562992.13,3519403.825,"LOW RISK"
C0439,186988047,39267489.87,4674701.175,"LOW RISK"
C0440,88613063,18608743.23,2215326.575,"LOW RISK"
C0441,85550605,17965627.05,2138765.125,"HIGH RISK: UNDERPAYMENT"
C0442,68791474,14446209.54,1719786.850,"HIGH RISK: UNDERPAYMENT"
C0443,117806863,24739441.23,2945171.575,"HIGH RISK: UNDERPAYMENT"
C0444,1479377,310669.17,36984.425,"HIGH RISK: UNDERPAYMENT"
C0445,167135546,35098464.66,4178388.650,"HIGH RISK: OVERPAYMENT"
C0446,35961136,7551838.56,899028.400,"HIGH RISK: UNDERPAYMENT"
C0447,176401811,37044380.31,4410045.275,"HIGH RISK: UNDERPAYMENT"
C0448,25985402,5456934.42,649635.050,"HIGH RISK: UNDERPAYMENT"
C0449,71746992,15066868.32,1793674.800,"HIGH RISK: UNDERPAYMENT"
C0450,108295439,22742042.19,2707385.975,"LOW RISK"
C0451,132098631,27740712.51,3302465.775,"HIGH RISK: OVERPAYMENT"
C0452,129123420,27115918.20,3228085.500,"HIGH RISK: UNDERPAYMENT"
C0453,93637449,19663864.29,2340936.225,"HIGH RISK: OVERPAYMENT"
C0454,107578102,22591401.42,2689452.550,"HIGH RISK: UNDERPAYMENT"
C0455,20475469,4299848.49,511886.725,"HIGH RISK: UNDERPAYMENT"
C0456,159958551,33591295.71,3998963.775,"HIGH RISK: OVERPAYMENT"
C0457,154443367,32433107.07,3861084.175,"HIGH RISK: UNDERPAYMENT"
C0458,75564448,15868534.08,1889111.200,"LOW RISK"
C0459,150576954,31621160.34,3764423.850,"HIGH RISK: UNDERPAYMENT"
C0460,141882537,29795332.77,3547063.425,"LOW RISK"
C0461,42142086,8849838.06,1053552.150,"HIGH RISK: OVERPAYMENT"
C0462,180794349,37966813.29,4519858.725,"HIGH RISK: OVERPAYMENT"
C0463,200172304,42036183.84,5004307.600,"HIGH RISK: OVERPAYMENT"
C0464,184315186,38706189.06,4607879.650,"LOW RISK"
C0465,122133303,25647993.63,3053332.575,"HIGH RISK: UNDERPAYMENT"
C0466,3972978,834325.38,99324.450,"LOW RISK"
C0467,70808594,14869804.74,1770214.850,"HIGH RISK: OVERPAYMENT"
C0468,28789484,6045791.64,719737.100,"HIGH RISK: UNDERPAYMENT"
C0469,33667121,7070095.41,841678.025,"LOW RISK"
C0470,171840572,36086520.12,4296014.300,"HIGH RISK: OVERPAYMENT"
C0471,75768034,15911287.14,1894200.850,"LOW RISK"
C0472,139215863,29235331.23,3480396.575,"HIGH RISK: UNDERPAYMENT"
C0473,199766084,41950877.64,4994152.100,"HIGH RISK: OVERPAYMENT"
C0474,125073352,26265403.92,3126833.800,"HIGH RISK: UNDERPAYMENT"
C0475,103908637,21820813.77,2597715.925,"HIGH RISK: UNDERPAYMENT"
C0476,153750604,32287626.84,3843765.100,"LOW RISK"
C0477,95921139,20143439.19,2398028.475,"HIGH RISK: UNDERPAYMENT"
C0478,27969493,5873593.53,699237.325,"HIGH RISK: OVERPAYMENT"
C0479,122467782,25718234.22,3061694.550,"HIGH RISK: UNDERPAYMENT"
C0480,48349856,10153469.76,1208746.400,"HIGH RISK: UNDERPAYMENT"
C0481,89409306,18775954.26,2235232.650,"HIGH RISK: UNDERPAYMENT"
C0482,8666402,1819944.42,216660.050,"HIGH RISK: OVERPAYMENT"
C0483,166473268,34959386.28,4161831.700,"HIGH RISK: UNDERPAYMENT"
C0484,193221523,40576519.83,4830538.075,"HIGH RISK: UNDERPAYMENT"
C0485,20868032,4382286.72,521700.800,"HIGH RISK: UNDERPAYMENT"
C0486,147207524,30913580.04,3680188.100,"HIGH RISK: UNDERPAYMENT"
C0487,200631179,42132547.59,5015779.475,"HIGH RISK: UNDERPAYMENT"
C0488,118344048,24852250.08,2958601.200,"HIGH RISK: UNDERPAYMENT"
C0489,128451305,26974774.05,3211282.625,"LOW RISK"
C0490,45812406,9620605.26,1145310.150,"LOW RISK"
C0491,172858710,36300329.10,4321467.750,"HIGH RISK: OVERPAYMENT"
C0492,151905435,31900141.35,3797635.875,"LOW RISK"
C0493,85642800,17984988.00,2141070.000,"LOW RISK"
C0494,38304917,8044032.57,957622.925,"HIGH RISK: UNDERPAYMENT"
C0495,133993729,28138683.09,3349843.225,"HIGH RISK: OVERPAYMENT"
C0496,91756237,19268809.77,2293905.925,"HIGH RISK: OVERPAYMENT"
C0497,59947728,12589022.88,1498693.200,"HIGH RISK: UNDERPAYMENT"
C0498,35802474,7518519.54,895061.850,"HIGH RISK: OVERPAYMENT"
C0499,65917770,13842731.70,1647944.250,"HIGH RISK: UNDERPAYMENT"
C0500,22724699,4772186.79,568117.475,"HIGH RISK: UNDERPAYMENT"
C0501,162942437,34217911.77,4073560.925,"HIGH RISK: UNDERPAYMENT"
C0502,10140170,2129435.70,253504.250,"HIGH RISK: OVERPAYMENT"
C0503,145118734,30474934.14,3627968.350,"LOW RISK"
C0504,142392526,29902430.46,3559813.150,"HIGH RISK: OVERPAYMENT"
C0505,182482605,38321347.05,4562065.125,"HIGH RISK: UNDERPAYMENT"
C0506,170878404,35884464.84,4271960.100,"LOW RISK"
C0507,31686404,6654144.84,792160.100,"HIGH RISK: UNDERPAYMENT"
C0508,66397753,13943528.13,1659943.825,"HIGH RISK: OVERPAYMENT"
C0509,157572986,33090327.06,3939324.650,"HIGH RISK: UNDERPAYMENT"
C0510,87412286,18356580.06,2185307.150,"HIGH RISK: UNDERPAYMENT"
C0511,104920655,22033337.55,2623016.375,"HIGH RISK: UNDERPAYMENT"
C0512,104561275,21957867.75,2614031.875,"HIGH RISK: OVERPAYMENT"
C0513,127834190,26845179.90,3195854.750,"LOW RISK"
C0514,175968275,36953337.75,4399206.875,"HIGH RISK: UNDERPAYMENT"
C0515,177423402,37258914.42,4435585.050,"LOW RISK"
C0516,187942594,39467944.74,4698564.850,"HIGH RISK: OVERPAYMENT"
C0517,72719294,15271051.74,1817982.350,"HIGH RISK: OVERPAYMENT"
C0518,124881961,26225211.81,3122049.025,"HIGH RISK: OVERPAYMENT"
C0519,73551833,15445884.93,1838795.825,"HIGH RISK: UNDERPAYMENT"
C0520,17761398,3729893.58,444034.950,"HIGH RISK: UNDERPAYMENT"
C0521,99628763,20922040.23,2490719.075,"HIGH RISK: OVERPAYMENT"
C0522,19081878,4007194.38,477046.950,"HIGH RISK: UNDERPAYMENT"
C0523,43084425,9047729.25,1077110.625,"HIGH RISK: UNDERPAYMENT"
C0524,97342729,20441973.09,2433568.225,"LOW RISK"
C0525,86929818,18255261.78,2173245.450,"HIGH RISK: OVERPAYMENT"
C0526,173410246,36416151.66,4335256.150,"HIGH RISK: UNDERPAYMENT"
C0527,97652398,20507003.58,2441309.950,"LOW RISK"
C0528,150986063,31707073.23,3774651.575,"HIGH RISK: OVERPAYMENT"
C0529,117336082,24640577.22,2933402.050,"HIGH RISK: UNDERPAYMENT"
C0530,183129218,38457135.78,4578230.450,"HIGH RISK: UNDERPAYMENT"
C0531,97065153,20383682.13,2426628.825,"HIGH RISK: OVERPAYMENT"
C0532,68681185,14423048.85,1717029.625,"HIGH RISK: OVERPAYMENT"
C0533,84392661,17722458.81,2109816.525,"HIGH RISK: OVERPAYMENT"
C0534,162150681,34051643.01,4053767.025,"LOW RISK"
C0535,203474120,42729565.20,5086853.000,"HIGH RISK: UNDERPAYMENT"
C0536,193135986,40558557.06,4828399.650,"HIGH RISK: OVERPAYMENT"
C0537,104742916,21996012.36,2618572.900,"HIGH RISK: UNDERPAYMENT"
C0538,18713572,3929850.12,467839.300,"HIGH RISK: OVERPAYMENT"
C0539,78694216,16525785.36,1967355.400,"HIGH RISK: OVERPAYMENT"
C0540,173623072,36460845.12,4340576.800,"LOW RISK"
C0541,4518375,948858.75,112959.375,"HIGH RISK: OVERPAYMENT"
C0542,4019755,844148.55,100493.875,"HIGH RISK: OVERPAYMENT"
C0543,40773211,8562374.31,1019330.275,"HIGH RISK: UNDERPAYMENT"
C0544,19168172,4025316.12,479204.300,"LOW RISK"
C0545,169582281,35612279.01,4239557.025,"HIGH RISK: UNDERPAYMENT"
C0546,59242134,12440848.14,1481053.350,"LOW RISK"
C0547,84206773,17683422.33,2105169.325,"HIGH RISK: UNDERPAYMENT"
C0548,128439484,26972291.64,3210987.100,"HIGH RISK: UNDERPAYMENT"
C0549,164485526,34541960.46,4112138.150,"HIGH RISK: OVERPAYMENT"
C0550,94115255,19764203.55,2352881.375,"HIGH RISK: OVERPAYMENT"
C0551,158811515,33350418.15,3970287.875,"HIGH RISK: UNDERPAYMENT"
C0552,169881882,35675195.22,4247047.050,"LOW RISK"
C0553,18467069,3878084.49,461676.725,"LOW RISK"
C0554,7231220,1518556.20,180780.500,"HIGH RISK: OVERPAYMENT"
C0555,135802156,28518452.76,3395053.900,"LOW RISK"
C0556,101767644,21371205.24,2544191.100,"LOW RISK"
C0557,11146686,2340804.06,278667.150,"HIGH RISK: OVERPAYMENT"
C0558,32761758,6879969.18,819043.950,"HIGH RISK: UNDERPAYMENT"
C0559,109504417,22995927.57,2737610.425,"HIGH RISK: OVERPAYMENT"
C0560,147578734,30991534.14,3689468.350,"HIGH RISK: OVERPAYMENT"
C0561,118635469,24913448.49,2965886.725,"HIGH RISK: OVERPAYMENT"
C0562,193948766,40729240.86,4848719.150,"HIGH RISK: UNDERPAYMENT"
C0563,60925896,12794438.16,1523147.400,"HIGH RISK: UNDERPAYMENT"
C0564,25403849,5334808.29,635096.225,"HIGH RISK: OVERPAYMENT"
C0565,184442077,38732836.17,4611051.925,"HIGH RISK: UNDERPAYMENT"
C0566,128310078,26945116.38,3207751.950,"LOW RISK"
C0567,23567470,4949168.70,589186.750,"HIGH RISK: UNDERPAYMENT"
C0568,78263555,16435346.55,1956588.875,"HIGH RISK: UNDERPAYMENT"
C0569,6846920,1437853.20,171173.000,"HIGH RISK: UNDERPAYMENT"
C0570,179628185,37721918.85,4490704.625,"LOW RISK"
C0571,62678229,13162428.09,1566955.725,"HIGH RISK: UNDERPAYMENT"
C0572,116566508,24478966.68,2914162.700,"LOW RISK"
C0573,166871608,35043037.68,4171790.200,"LOW RISK"
C0574,172075137,36135778.77,4301878.425,"LOW RISK"
C0575,90338590,18971103.90,2258464.750,"LOW RISK"
C0576,158908644,33370815.24,3972716.100,"HIGH RISK: UNDERPAYMENT"
C0577,48200288,10122060.48,1205007.200,"HIGH RISK: UNDERPAYMENT"
C0578,75653686,15887274.06,1891342.150,"HIGH RISK: UNDERPAYMENT"
C0579,59183949,12428629.29,1479598.725,"LOW RISK"
C0580,160044369,33609317.49,4001109.225,"LOW RISK"
C0581,188875024,39663755.04,4721875.600,"LOW RISK"
C0582,94597515,19865478.15,2364937.875,"HIGH RISK: UNDERPAYMENT"
C0583,54738429,11495070.09,1368460.725,"HIGH RISK: OVERPAYMENT"
C0584,58867772,12362232.12,1471694.300,"HIGH RISK: UNDERPAYMENT"
C0585,8228239,1727930.19,205705.975,"HIGH RISK: OVERPAYMENT"
C0586,136298247,28622631.87,3407456.175,"HIGH RISK: UNDERPAYMENT"
C0587,108749875,22837473.75,2718746.875,"HIGH RISK: OVERPAYMENT"
C0588,112375711,23598899.31,2809392.775,"LOW RISK"
C0589,142918320,30012847.20,3572958.000,"HIGH RISK: UNDERPAYMENT"
C0590,191117255,40134623.55,4777931.375,"HIGH RISK: UNDERPAYMENT"
C0591,40762444,8560113.24,1019061.100,"HIGH RISK: UNDERPAYMENT"
C0592,133680737,28072954.77,3342018.425,"HIGH RISK: UNDERPAYMENT"
C0593,13136523,2758669.83,328413.075,"HIGH RISK: UNDERPAYMENT"
C0594,31804813,6679010.73,795120.325,"LOW RISK"
C0595,85647764,17986030.44,2141194.100,"HIGH RISK: UNDERPAYMENT"
C0596,59181934,12428206.14,1479548.350,"HIGH RISK: OVERPAYMENT"
C0597,102173546,21456444.66,2554338.650,"HIGH RISK: UNDERPAYMENT"
C0598,150972235,31704169.35,3774305.875,"HIGH RISK: OVERPAYMENT"
C0599,45035894,9457537.74,1125897.350,"LOW RISK"
C0600,15217293,3195631.53,380432.325,"HIGH RISK: UNDERPAYMENT"
C0601,90102101,18921441.21,2252552.525,"HIGH RISK: UNDERPAYMENT"
C0602,53054473,11141439.33,1326361.825,"HIGH RISK: UNDERPAYMENT"
C0603,148674548,31221655.08,3716863.700,"HIGH RISK: UNDERPAYMENT"
C0604,90134383,18928220.43,2253359.575,"LOW RISK"
C0605,144370680,30317842.80,3609267.000,"LOW RISK"
C0606,190731142,40053539.82,4768278.550,"HIGH RISK: OVERPAYMENT"
C0607,197628670,41502020.70,4940716.750,"LOW RISK"
C0608,77141597,16199735.37,1928539.925,"HIGH RISK: OVERPAYMENT"
C0609,133207647,27973605.87,3330191.175,"HIGH RISK: OVERPAYMENT"
C0610,164437293,34531831.53,4110932.325,"HIGH RISK: OVERPAYMENT"
C0611,32491766,6823270.86,812294.150,"LOW RISK"
C0612,199399836,41873965.56,4984995.900,"HIGH RISK: UNDERPAYMENT"
C0613,53678179,11272417.59,1341954.475,"HIGH RISK: UNDERPAYMENT"
C0614,162083158,34037463.18,4052078.950,"LOW RISK"
C0615,15115388,3174231.48,377884.700,"HIGH RISK: UNDERPAYMENT"
C0616,160576455,33721055.55,4014411.375,"HIGH RISK: UNDERPAYMENT"
C0617,193579970,40651793.70,4839499.250,"LOW RISK"
C0618,50069986,10514697.06,1251749.650,"HIGH RISK: UNDERPAYMENT"
C0619,48399640,10163924.40,1209991.000,"HIGH RISK: OVERPAYMENT"
C0620,77349012,16243292.52,1933725.300,"HIGH RISK: UNDERPAYMENT"
C0621,37596144,7895190.24,939903.600,"LOW RISK"
C0622,85657199,17988011.79,2141429.975,"HIGH RISK: OVERPAYMENT"
C0623,8921010,1873412.10,223025.250,"HIGH RISK: UNDERPAYMENT"
C0624,65056305,13661824.05,1626407.625,"LOW RISK"
C0625,173277722,36388321.62,4331943.050,"HIGH RISK: OVERPAYMENT"
C0626,184253179,38693167.59,4606329.475,"HIGH RISK: UNDERPAYMENT"
C0627,79142193,16619860.53,1978554.825,"HIGH RISK: UNDERPAYMENT"
C0628,114563911,24058421.31,2864097.775,"HIGH RISK: UNDERPAYMENT"
C0629,162903786,34209795.06,4072594.650,"LOW RISK"
C0630,150583685,31622573.85,3764592.125,"LOW RISK"
C0631,15033732,3157083.72,375843.300,"HIGH RISK: UNDERPAYMENT"
C0632,129075547,27105864.87,3226888.675,"LOW RISK"
C0633,126916810,26652530.10,3172920.250,"HIGH RISK: UNDERPAYMENT"
C0634,30419101,6388011.21,760477.525,"HIGH RISK: OVERPAYMENT"
C0635,37691161,7915143.81,942279.025,"HIGH RISK: UNDERPAYMENT"
C0636,59289003,12450690.63,1482225.075,"HIGH RISK: OVERPAYMENT"
C0637,49509784,10397054.64,1237744.600,"HIGH RISK: UNDERPAYMENT"
C0638,156383883,32840615.43,3909597.075,"HIGH RISK: OVERPAYMENT"
C0639,183155138,38462578.98,4578878.450,"LOW RISK"
C0640,67495333,14174019.93,1687383.325,"LOW RISK"
C0641,24281824,5099183.04,607045.600,"HIGH RISK: UNDERPAYMENT"
C0642,111312754,23375678.34,2782818.850,"HIGH RISK: OVERPAYMENT"
C0643,75518000,15858780.00,1887950.000,"HIGH RISK: UNDERPAYMENT"
C0644,166073993,34875538.53,4151849.825,"LOW RISK"
C0645,147310382,30935180.22,3682759.550,"LOW RISK"
C0646,105173074,22086345.54,2629326.850,"HIGH RISK: OVERPAYMENT"
C0647,87246352,18321733.92,2181158.800,"LOW RISK"
C0648,49261463,10344907.23,1231536.575,"HIGH RISK: UNDERPAYMENT"
C0649,78544774,16494402.54,1963619.350,"LOW RISK"
C0650,111985490,23516952.90,2799637.250,"LOW RISK"
C0651,21610244,4538151.24,540256.100,"HIGH RISK: OVERPAYMENT"
C0652,42207346,8863542.66,1055183.650,"HIGH RISK: OVERPAYMENT"
C0653,197891808,41557279.68,4947295.200,"LOW RISK"
C0654,194191909,40780300.89,4854797.725,"HIGH RISK: UNDERPAYMENT"
C0655,150211595,31544434.95,3755289.875,"HIGH RISK: OVERPAYMENT"
C0656,133115842,27954326.82,3327896.050,"LOW RISK"
C0657,115132298,24177782.58,2878307.450,"HIGH RISK: OVERPAYMENT"
C0658,118281339,24839081.19,2957033.475,"HIGH RISK: UNDERPAYMENT"
C0659,28941044,6077619.24,723526.100,"HIGH RISK: UNDERPAYMENT"
C0660,15504891,3256027.11,387622.275,"HIGH RISK: UNDERPAYMENT"
C0661,7457320,1566037.20,186433.000,"LOW RISK"
C0662,195104330,40971909.30,4877608.250,"HIGH RISK: OVERPAYMENT"
C0663,126104195,26481880.95,3152604.875,"HIGH RISK: UNDERPAYMENT"
C0664,155335183,32620388.43,3883379.575,"HIGH RISK: OVERPAYMENT"
C0665,16490583,3463022.43,412264.575,"LOW RISK"
C0666,113929772,23925252.12,2848244.300,"HIGH RISK: OVERPAYMENT"
C0667,23124127,4856066.67,578103.175,"HIGH RISK: UNDERPAYMENT"
C0668,41640046,8744409.66,1041001.150,"HIGH RISK: OVERPAYMENT"
C0669,47674368,10011617.28,1191859.200,"HIGH RISK: UNDERPAYMENT"
C0670,97160488,20403702.48,2429012.200,"HIGH RISK: OVERPAYMENT"
C0671,108404424,22764929.04,2710110.600,"HIGH RISK: UNDERPAYMENT"
C0672,89758840,18849356.40,2243971.000,"LOW RISK"
C0673,30081195,6317050.95,752029.875,"HIGH RISK: OVERPAYMENT"
C0674,72420697,15208346.37,1810517.425,"HIGH RISK: UNDERPAYMENT"
C0675,151230824,31758473.04,3780770.600,"HIGH RISK: UNDERPAYMENT"
C0676,69149196,14521331.16,1728729.900,"LOW RISK"
C0677,2062029,433026.09,51550.725,"LOW RISK"
C0678,47493750,9973687.50,1187343.750,"LOW RISK"
C0679,193409368,40615967.28,4835234.200,"HIGH RISK: UNDERPAYMENT"
C0680,152699059,32066802.39,3817476.475,"HIGH RISK: UNDERPAYMENT"
C0681,191589300,40233753.00,4789732.500,"HIGH RISK: UNDERPAYMENT"
C0682,57627752,12101827.92,1440693.800,"HIGH RISK: UNDERPAYMENT"
C0683,173153723,36362281.83,4328843.075,"HIGH RISK: OVERPAYMENT"
C0684,52128020,10946884.20,1303200.500,"HIGH RISK: UNDERPAYMENT"
C0685,129507359,27196545.39,3237683.975,"HIGH RISK: UNDERPAYMENT"
C0686,10760945,2259798.45,269023.625,"HIGH RISK: UNDERPAYMENT"
C0687,72166639,15154994.19,1804165.975,"HIGH RISK: UNDERPAYMENT"
C0688,57592013,12094322.73,1439800.325,"LOW RISK"
C0689,97476572,20470080.12,2436914.300,"LOW RISK"
C0690,96092174,20179356.54,2402304.350,"HIGH RISK: UNDERPAYMENT"
C0691,175750429,36907590.09,4393760.725,"HIGH RISK: UNDERPAYMENT"
C0692,96718353,20310854.13,2417958.825,"HIGH RISK: UNDERPAYMENT"
C0693,119370192,25067740.32,2984254.800,"HIGH RISK: OVERPAYMENT"
C0694,120892375,25387398.75,3022309.375,"LOW RISK"
C0695,197858107,41550202.47,4946452.675,"HIGH RISK: UNDERPAYMENT"
C0696,27108657,5692817.97,677716.425,"LOW RISK"
C0697,62594012,13144742.52,1564850.300,"HIGH RISK: OVERPAYMENT"
C0698,103028189,21635919.69,2575704.725,"HIGH RISK: OVERPAYMENT"
C0699,84505404,17746134.84,2112635.100,"HIGH RISK: OVERPAYMENT"
C0700,154858771,32520341.91,3871469.275,"HIGH RISK: UNDERPAYMENT"
C0701,35640275,7484457.75,891006.875,"HIGH RISK: UNDERPAYMENT"
C0702,176100330,36981069.30,4402508.250,"HIGH RISK: UNDERPAYMENT"
C0703,137035684,28777493.64,3425892.100,"HIGH RISK: OVERPAYMENT"
C0704,132093451,27739624.71,3302336.275,"HIGH RISK: OVERPAYMENT"
C0705,162626014,34151462.94,4065650.350,"LOW RISK"
C0706,168551222,35395756.62,4213780.550,"HIGH RISK: UNDERPAYMENT"
C0707,96184084,20198657.64,2404602.100,"HIGH RISK: UNDERPAYMENT"
C0708,185119917,38875182.57,4627997.925,"HIGH RISK: UNDERPAYMENT"
C0709,63973016,13434333.36,1599325.400,"HIGH RISK: UNDERPAYMENT"
C0710,181263580,38065351.80,4531589.500,"LOW RISK"
C0711,38711535,8129422.35,967788.375,"HIGH RISK: UNDERPAYMENT"
C0712,110337641,23170904.61,2758441.025,"HIGH RISK: UNDERPAYMENT"
C0713,5013726,1052882.46,125343.150,"LOW RISK"
C0714,89420302,18778263.42,2235507.550,"HIGH RISK: UNDERPAYMENT"
C0715,186695663,39206089.23,4667391.575,"HIGH RISK: UNDERPAYMENT"
C0716,195516553,41058476.13,4887913.825,"HIGH RISK: UNDERPAYMENT"
C0717,85743021,18006034.41,2143575.525,"HIGH RISK: OVERPAYMENT"
C0718,163127172,34256706.12,4078179.300,"HIGH RISK: OVERPAYMENT"
C0719,33801212,7098254.52,845030.300,"HIGH RISK: UNDERPAYMENT"
C0720,186899528,39248900.88,4672488.200,"LOW RISK"
C0721,118038593,24788104.53,2950964.825,"HIGH RISK: UNDERPAYMENT"
C0722,95416624,20037491.04,2385415.600,"LOW RISK"
C0723,167923155,35263862.55,4198078.875,"HIGH RISK: OVERPAYMENT"
C0724,85555238,17966599.98,2138880.950,"HIGH RISK: OVERPAYMENT"
C0725,179737887,37744956.27,4493447.175,"LOW RISK"
C0726,126357562,26535088.02,3158939.050,"HIGH RISK: OVERPAYMENT"
C0727,130800998,27468209.58,3270024.950,"HIGH RISK: OVERPAYMENT"
C0728,51164215,10744485.15,1279105.375,"HIGH RISK: OVERPAYMENT"
C0729,34654293,7277401.53,866357.325,"LOW RISK"
C0730,148791117,31246134.57,3719777.925,"HIGH RISK: UNDERPAYMENT"
C0731,183892382,38617400.22,4597309.550,"HIGH RISK: UNDERPAYMENT"
C0732,180991869,38008292.49,4524796.725,"HIGH RISK: UNDERPAYMENT"
C0733,94642967,19875023.07,2366074.175,"HIGH RISK: UNDERPAYMENT"
C0734,90912281,19091579.01,2272807.025,"HIGH RISK: OVERPAYMENT"
C0735,26576342,5581031.82,664408.550,"LOW RISK"
C0736,47829172,10044126.12,1195729.300,"HIGH RISK: OVERPAYMENT"
C0737,116047190,24369909.90,2901179.750,"HIGH RISK: UNDERPAYMENT"
C0738,142275454,29877845.34,3556886.350,"HIGH RISK: UNDERPAYMENT"
C0739,76774407,16122625.47,1919360.175,"HIGH RISK: OVERPAYMENT"
C0740,150856335,31679830.35,3771408.375,"HIGH RISK: UNDERPAYMENT"
C0741,116823552,24532945.92,2920588.800,"HIGH RISK: UNDERPAYMENT"
C0742,113221519,23776518.99,2830537.975,"HIGH RISK: OVERPAYMENT"
C0743,138068922,28994473.62,3451723.050,"HIGH RISK: OVERPAYMENT"
C0744,55675285,11691809.85,1391882.125,"HIGH RISK: UNDERPAYMENT"
C0745,21305472,4474149.12,532636.800,"HIGH RISK: OVERPAYMENT"
C0746,151287804,31770438.84,3782195.100,"LOW RISK"
C0747,130317373,27366648.33,3257934.325,"HIGH RISK: OVERPAYMENT"
C0748,5695486,1196052.06,142387.150,"HIGH RISK: OVERPAYMENT"
C0749,115043711,24159179.31,2876092.775,"HIGH RISK: UNDERPAYMENT"
C0750,111502522,23415529.62,2787563.050,"LOW RISK"
C0751,134743048,28296040.08,3368576.200,"HIGH RISK: UNDERPAYMENT"
C0752,117680144,24712830.24,2942003.600,"HIGH RISK: UNDERPAYMENT"
C0753,128882263,27065275.23,3222056.575,"HIGH RISK: OVERPAYMENT"
C0754,143663690,30169374.90,3591592.250,"LOW RISK"
C0755,168206392,35323342.32,4205159.800,"HIGH RISK: OVERPAYMENT"
C0756,128067539,26894183.19,3201688.475,"HIGH RISK: OVERPAYMENT"
C0757,12958560,2721297.60,323964.000,"HIGH RISK: OVERPAYMENT"
C0758,77777249,16333222.29,1944431.225,"HIGH RISK: OVERPAYMENT"
C0759,57358042,12045188.82,1433951.050,"LOW RISK"
C0760,146206500,30703365.00,3655162.500,"HIGH RISK: UNDERPAYMENT"
C0761,46727583,9812792.43,1168189.575,"HIGH RISK: UNDERPAYMENT"
C0762,122046343,25629732.03,3051158.575,"HIGH RISK: UNDERPAYMENT"
C0763,61007893,12811657.53,1525197.325,"HIGH RISK: UNDERPAYMENT"
C0764,76071315,15974976.15,1901782.875,"LOW RISK"
C0765,127077026,26686175.46,3176925.650,"LOW RISK"
C0766,99264157,20845472.97,2481603.925,"HIGH RISK: OVERPAYMENT"
C0767,112030434,23526391.14,2800760.850,"HIGH RISK: OVERPAYMENT"
C0768,27862347,5851092.87,696558.675,"LOW RISK"
C0769,174044138,36549268.98,4351103.450,"HIGH RISK: UNDERPAYMENT"
C0770,38270498,8036804.58,956762.450,"HIGH RISK: UNDERPAYMENT"
C0771,107626925,22601654.25,2690673.125,"HIGH RISK: UNDERPAYMENT"
C0772,157831298,33144572.58,3945782.450,"HIGH RISK: OVERPAYMENT"
C0773,8744089,1836258.69,218602.225,"HIGH RISK: UNDERPAYMENT"
C0774,158557075,33296985.75,3963926.875,"HIGH RISK: OVERPAYMENT"
C0775,184710923,38789293.83,4617773.075,"LOW RISK"
C0776,144152004,30271920.84,3603800.100,"HIGH RISK: UNDERPAYMENT"
C0777,195446341,41043731.61,4886158.525,"HIGH RISK: UNDERPAYMENT"
C0778,68236434,14329651.14,1705910.850,"LOW RISK"
C0779,193447743,40624026.03,4836193.575,"HIGH RISK: UNDERPAYMENT"
C0780,106468737,22358434.77,2661718.425,"HIGH RISK: OVERPAYMENT"
C0781,60118849,12624958.29,1502971.225,"HIGH RISK: OVERPAYMENT"
C0782,30610137,6428128.77,765253.425,"LOW RISK"
C0783,106944905,22458430.05,2673622.625,"HIGH RISK: OVERPAYMENT"
C0784,195115187,40974189.27,4877879.675,"LOW RISK"
C0785,115248493,24202183.53,2881212.325,"HIGH RISK: OVERPAYMENT"
C0786,141813308,29780794.68,3545332.700,"HIGH RISK: UNDERPAYMENT"
C0787,163684589,34373763.69,4092114.725,"HIGH RISK: OVERPAYMENT"
C0788,29762690,6250164.90,744067.250,"HIGH RISK: UNDERPAYMENT"
C0789,144130174,30267336.54,3603254.350,"HIGH RISK: UNDERPAYMENT"
C0790,47997542,10079483.82,1199938.550,"HIGH RISK: UNDERPAYMENT"
C0791,181238179,38060017.59,4530954.475,"LOW RISK"
C0792,55229964,11598292.44,1380749.100,"HIGH RISK: UNDERPAYMENT"
C0793,189035106,39697372.26,4725877.650,"HIGH RISK: UNDERPAYMENT"
C0794,140660545,29538714.45,3516513.625,"HIGH RISK: OVERPAYMENT"
C0795,76853999,16139339.79,1921349.975,"HIGH RISK: OVERPAYMENT"
C0796,40466044,8497869.24,1011651.100,"HIGH RISK: OVERPAYMENT"
C0797,157645430,33105540.30,3941135.750,"HIGH RISK: OVERPAYMENT"
C0798,145727136,30602698.56,3643178.400,"HIGH RISK: OVERPAYMENT"
C0799,170553851,35816308.71,4263846.275,"LOW RISK"
C0800,196412140,41246549.40,4910303.500,"HIGH RISK: UNDERPAYMENT"
C0801,20692124,4345346.04,517303.100,"HIGH RISK: OVERPAYMENT"
C0802,185905012,39040052.52,4647625.300,"HIGH RISK: OVERPAYMENT"
C0803,85552348,17965993.08,2138808.700,"HIGH RISK: UNDERPAYMENT"
C0804,83469961,17528691.81,2086749.025,"LOW RISK"
C0805,193777744,40693326.24,4844443.600,"HIGH RISK: UNDERPAYMENT"
C0806,152493705,32023678.05,3812342.625,"HIGH RISK: OVERPAYMENT"
C0807,153168960,32165481.60,3829224.000,"HIGH RISK: UNDERPAYMENT"
C0808,189072337,39705190.77,4726808.425,"HIGH RISK: OVERPAYMENT"
C0809,134777234,28303219.14,3369430.850,"HIGH RISK: OVERPAYMENT"
C0810,130649224,27436337.04,3266230.600,"LOW RISK"
C0811,117583294,24692491.74,2939582.350,"LOW RISK"
C0812,101750670,21367640.70,2543766.750,"HIGH RISK: UNDERPAYMENT"
C0813,12378084,2599397.64,309452.100,"HIGH RISK: UNDERPAYMENT"
C0814,185449898,38944478.58,4636247.450,"HIGH RISK: UNDERPAYMENT"
C0815,183670821,38570872.41,4591770.525,"HIGH RISK: OVERPAYMENT"
C0816,180207688,37843614.48,4505192.200,"LOW RISK"
C0817,7787644,1635405.24,194691.100,"HIGH RISK: UNDERPAYMENT"
C0818,7197035,1511377.35,179925.875,"HIGH RISK: UNDERPAYMENT"
C0819,65312634,13715653.14,1632815.850,"HIGH RISK: OVERPAYMENT"
C0820,101821883,21382595.43,2545547.075,"HIGH RISK: UNDERPAYMENT"
C0821,90823840,19073006.40,2270596.000,"HIGH RISK: OVERPAYMENT"
C0822,74158245,15573231.45,1853956.125,"HIGH RISK: UNDERPAYMENT"
C0823,50813182,10670768.22,1270329.550,"LOW RISK"
C0824,104444773,21933402.33,2611119.325,"HIGH RISK: UNDERPAYMENT"
C0825,16448774,3454242.54,411219.350,"LOW RISK"
C0826,83052668,17441060.28,2076316.700,"LOW RISK"
C0827,198807881,41749655.01,4970197.025,"HIGH RISK: UNDERPAYMENT"
C0828,112809088,23689908.48,2820227.200,"LOW RISK"
C0829,123383344,25910502.24,3084583.600,"LOW RISK"
C0830,55197809,11591539.89,1379945.225,"LOW RISK"
C0831,122143598,25650155.58,3053589.950,"HIGH RISK: OVERPAYMENT"
C0832,190841063,40076623.23,4771026.575,"HIGH RISK: UNDERPAYMENT"
C0833,152269061,31976502.81,3806726.525,"LOW RISK"
C0834,39719971,8341193.91,992999.275,"HIGH RISK: OVERPAYMENT"
C0835,88086057,18498071.97,2202151.425,"HIGH RISK: OVERPAYMENT"
C0836,29183837,6128605.77,729595.925,"HIGH RISK: OVERPAYMENT"
C0837,21866187,4591899.27,546654.675,"HIGH RISK: UNDERPAYMENT"
C0838,61542790,12923985.90,1538569.750,"HIGH RISK: OVERPAYMENT"
C0839,185081153,38867042.13,4627028.825,"LOW RISK"
C0840,82317449,17286664.29,2057936.225,"HIGH RISK: UNDERPAYMENT"
C0841,132110398,27743183.58,3302759.950,"HIGH RISK: OVERPAYMENT"
C0842,4248235,892129.35,106205.875,"LOW RISK"
C0843,24907132,5230497.72,622678.300,"HIGH RISK: UNDERPAYMENT"
C0844,176926026,37154465.46,4423150.650,"HIGH RISK: UNDERPAYMENT"
C0845,50800759,10668159.39,1270018.975,"HIGH RISK: OVERPAYMENT"
C0846,73647015,15465873.15,1841175.375,"HIGH RISK: UNDERPAYMENT"
C0847,154873287,32523390.27,3871832.175,"HIGH RISK: UNDERPAYMENT"
C0848,26413598,5546855.58,660339.950,"HIGH RISK: UNDERPAYMENT"
C0849,17521520,3679519.20,438038.000,"HIGH RISK: UNDERPAYMENT"
C0850,113153553,23762246.13,2828838.825,"HIGH RISK: OVERPAYMENT"
C0851,198358449,41655274.29,4958961.225,"LOW RISK"
C0852,76951559,16159827.39,1923788.975,"LOW RISK"
C0853,134694078,28285756.38,3367351.950,"HIGH RISK: OVERPAYMENT"
C0854,69864177,14671477.17,1746604.425,"LOW RISK"
C0855,43397776,9113532.96,1084944.400,"HIGH RISK: UNDERPAYMENT"
C0856,140337901,29470959.21,3508447.525,"HIGH RISK: OVERPAYMENT"
C0857,85110262,17873155.02,2127756.550,"LOW RISK"
C0858,33997848,7139548.08,849946.200,"HIGH RISK: UNDERPAYMENT"
C0859,137348896,28843268.16,3433722.400,"HIGH RISK: OVERPAYMENT"
C0860,12991585,2728232.85,324789.625,"HIGH RISK: OVERPAYMENT"
C0861,136445647,28653585.87,3411141.175,"HIGH RISK: OVERPAYMENT"
C0862,58968886,12383466.06,1474222.150,"HIGH RISK: OVERPAYMENT"
C0863,52927688,11114814.48,1323192.200,"HIGH RISK: OVERPAYMENT"
C0864,15724178,3302077.38,393104.450,"HIGH RISK: OVERPAYMENT"
C0865,13554389,2846421.69,338859.725,"HIGH RISK: OVERPAYMENT"
C0866,162347427,34092959.67,4058685.675,"HIGH RISK: UNDERPAYMENT"
C0867,34938497,7337084.37,873462.425,"HIGH RISK: UNDERPAYMENT"
C0868,12784720,2684791.20,319618.000,"HIGH RISK: OVERPAYMENT"
C0869,91128132,19136907.72,2278203.300,"LOW RISK"
C0870,164986355,34647134.55,4124658.875,"HIGH RISK: UNDERPAYMENT"
C0871,4217558,885687.18,105438.950,"HIGH RISK: UNDERPAYMENT"
C0872,40970690,8603844.90,1024267.250,"HIGH RISK: UNDERPAYMENT"
C0873,77840666,16346539.86,1946016.650,"LOW RISK"
C0874,134442451,28232914.71,3361061.275,"HIGH RISK: OVERPAYMENT"
C0875,72653876,15257313.96,1816346.900,"HIGH RISK: OVERPAYMENT"
C0876,164947563,34638988.23,4123689.075,"HIGH RISK: OVERPAYMENT"
C0877,75150519,15781608.99,1878762.975,"HIGH RISK: OVERPAYMENT"
C0878,97190017,20409903.57,2429750.425,"LOW RISK"
C0879,146111734,30683464.14,3652793.350,"HIGH RISK: UNDERPAYMENT"
C0880,29939635,6287323.35,748490.875,"HIGH RISK: UNDERPAYMENT"
C0881,70488699,14802626.79,1762217.475,"LOW RISK"
C0882,166779695,35023735.95,4169492.375,"HIGH RISK: UNDERPAYMENT"
C0883,201756677,42368902.17,5043916.925,"LOW RISK"
C0884,72178273,15157437.33,1804456.825,"LOW RISK"
C0885,180936234,37996609.14,4523405.850,"LOW RISK"
C0886,127854441,26849432.61,3196361.025,"HIGH RISK: OVERPAYMENT"
C0887,104901219,22029255.99,2622530.475,"LOW RISK"
C0888,194459323,40836457.83,4861483.075,"HIGH RISK: UNDERPAYMENT"
C0889,19949101,4189311.21,498727.525,"LOW RISK"
C0890,88658120,18618205.20,2216453.000,"LOW RISK"
C0891,106413336,22346800.56,2660333.400,"HIGH RISK: UNDERPAYMENT"
C0892,175413370,36836807.70,4385334.250,"HIGH RISK: UNDERPAYMENT"
C0893,119006775,24991422.75,2975169.375,"LOW RISK"
C0894,43781627,9194141.67,1094540.675,"HIGH RISK: OVERPAYMENT"
C0895,28797922,6047563.62,719948.050,"LOW RISK"
C0896,127902582,26859542.22,3197564.550,"HIGH RISK: OVERPAYMENT"
C0897,122270691,25676845.11,3056767.275,"HIGH RISK: OVERPAYMENT"
C0898,85445447,17943543.87,2136136.175,"HIGH RISK: UNDERPAYMENT"
C0899,37484077,7871656.17,937101.925,"HIGH RISK: OVERPAYMENT"
C0900,15392722,3232471.62,384818.050,"LOW RISK"
C0901,160520330,33709269.30,4013008.250,"HIGH RISK: UNDERPAYMENT"
C0902,163725081,34382267.01,4093127.025,"LOW RISK"
C0903,29719370,6241067.70,742984.250,"HIGH RISK: OVERPAYMENT"
C0904,148020445,31084293.45,3700511.125,"HIGH RISK: UNDERPAYMENT"
C0905,109686785,23034224.85,2742169.625,"HIGH RISK: OVERPAYMENT"
C0906,55489927,11652884.67,1387248.175,"HIGH RISK: OVERPAYMENT"
C0907,178309546,37445004.66,4457738.650,"HIGH RISK: OVERPAYMENT"
C0908,156207241,32803520.61,3905181.025,"HIGH RISK: UNDERPAYMENT"
C0909,162035068,34027364.28,4050876.700,"HIGH RISK: OVERPAYMENT"
C0910,81115370,17034227.70,2027884.250,"HIGH RISK: UNDERPAYMENT"
C0911,125172525,26286230.25,3129313.125,"HIGH RISK: UNDERPAYMENT"
C0912,5561876,1167993.96,139046.900,"HIGH RISK: OVERPAYMENT"
C0913,94788957,19905680.97,2369723.925,"HIGH RISK: OVERPAYMENT"
C0914,140754472,29558439.12,3518861.800,"LOW RISK"
C0915,177998442,37379672.82,4449961.050,"LOW RISK"
C0916,86855665,18239689.65,2171391.625,"HIGH RISK: UNDERPAYMENT"
C0917,122688217,25764525.57,3067205.425,"LOW RISK"
C0918,35338816,7421151.36,883470.400,"HIGH RISK: UNDERPAYMENT"
C0919,119465721,25087801.41,2986643.025,"LOW RISK"
C0920,3195134,670978.14,79878.350,"HIGH RISK: UNDERPAYMENT"
C0921,104523599,21949955.79,2613089.975,"HIGH RISK: OVERPAYMENT"
C0922,113664554,23869556.34,2841613.850,"LOW RISK"
C0923,72083042,15137438.82,1802076.050,"HIGH RISK: OVERPAYMENT"
C0924,163791921,34396303.41,4094798.025,"HIGH RISK: OVERPAYMENT"
C0925,128561703,26997957.63,3214042.575,"LOW RISK"
C0926,194814602,40911066.42,4870365.050,"HIGH RISK: UNDERPAYMENT"
C0927,194701712,40887359.52,4867542.800,"HIGH RISK: UNDERPAYMENT"
C0928,124012065,26042533.65,3100301.625,"HIGH RISK: OVERPAYMENT"
C0929,154565703,32458797.63,3864142.575,"HIGH RISK: UNDERPAYMENT"
C0930,39163715,8224380.15,979092.875,"LOW RISK"
C0931,129047527,27099980.67,3226188.175,"HIGH RISK: UNDERPAYMENT"
C0932,91883773,19295592.33,2297094.325,"HIGH RISK: UNDERPAYMENT"
C0933,182668208,38360323.68,4566705.200,"LOW RISK"
C0934,49438040,10381988.40,1235951.000,"HIGH RISK: OVERPAYMENT"
C0935,57004771,11971001.91,1425119.275,"LOW RISK"
C0936,175791491,36916213.11,4394787.275,"HIGH RISK: OVERPAYMENT"
C0937,71044971,14919443.91,1776124.275,"HIGH RISK: OVERPAYMENT"
C0938,202689606,42564817.26,5067240.150,"HIGH RISK: UNDERPAYMENT"
C0939,163124307,34256104.47,4078107.675,"HIGH RISK: UNDERPAYMENT"
C0940,165559425,34767479.25,4138985.625,"HIGH RISK: OVERPAYMENT"
C0941,182517017,38328573.57,4562925.425,"HIGH RISK: OVERPAYMENT"
C0942,13516439,2838452.19,337910.975,"LOW RISK"
C0943,82388483,17301581.43,2059712.075,"HIGH RISK: OVERPAYMENT"
C0944,45008180,9451717.80,1125204.500,"HIGH RISK: UNDERPAYMENT"
C0945,72635005,15253351.05,1815875.125,"HIGH RISK: UNDERPAYMENT"
C0946,45080510,9466907.10,1127012.750,"LOW RISK"
C0947,199144194,41820280.74,4978604.850,"LOW RISK"
C0948,99422477,20878720.17,2485561.925,"HIGH RISK: UNDERPAYMENT"
C0949,89158600,18723306.00,2228965.000,"HIGH RISK: UNDERPAYMENT"
C0950,132283956,27779630.76,3307098.900,"HIGH RISK: UNDERPAYMENT"
C0951,183560267,38547656.07,4589006.675,"LOW RISK"
C0952,35257111,7403993.31,881427.775,"HIGH RISK: OVERPAYMENT"
C0953,110585471,23222948.91,2764636.775,"HIGH RISK: OVERPAYMENT"
C0954,183418344,38517852.24,4585458.600,"LOW RISK"
C0955,100367261,21077124.81,2509181.525,"LOW RISK"
C0956,25303606,5313757.26,632590.150,"LOW RISK"
C0957,112205542,23563163.82,2805138.550,"HIGH RISK: UNDERPAYMENT"
C0958,199511846,41897487.66,4987796.150,"HIGH RISK: UNDERPAYMENT"
C0959,160649726,33736442.46,4016243.150,"HIGH RISK: UNDERPAYMENT"
C0960,92229763,19368250.23,2305744.075,"HIGH RISK: OVERPAYMENT"
C0961,202249414,42472376.94,5056235.350,"HIGH RISK: OVERPAYMENT"
C0962,195026265,40955515.65,4875656.625,"LOW RISK"
C0963,155678441,32692472.61,3891961.025,"HIGH RISK: OVERPAYMENT"
C0964,165534300,34762203.00,4138357.500,"HIGH RISK: UNDERPAYMENT"
C0965,48509665,10187029.65,1212741.625,"LOW RISK"
C0966,54734043,11494149.03,1368351.075,"HIGH RISK: OVERPAYMENT"
C0967,35331275,7419567.75,883281.875,"LOW RISK"
C0968,74496614,15644288.94,1862415.350,"HIGH RISK: UNDERPAYMENT"
C0969,150738523,31655089.83,3768463.075,"HIGH RISK: OVERPAYMENT"
C0970,89834489,18865242.69,2245862.225,"HIGH RISK: OVERPAYMENT"
C0971,105660769,22188761.49,2641519.225,"HIGH RISK: OVERPAYMENT"
C0972,171018876,35913963.96,4275471.900,"HIGH RISK: OVERPAYMENT"
C0973,133513482,28037831.22,3337837.050,"HIGH RISK: OVERPAYMENT"
C0974,188592339,39604391.19,4714808.475,"HIGH RISK: UNDERPAYMENT"
C0975,30576201,6421002.21,764405.025,"HIGH RISK: UNDERPAYMENT"
C0976,9099992,1910998.32,227499.800,"HIGH RISK: UNDERPAYMENT"
C0977,130192580,27340441.80,3254814.500,"HIGH RISK: UNDERPAYMENT"
C0978,86295328,18122018.88,2157383.200,"LOW RISK"
C0979,102317965,21486772.65,2557949.125,"LOW RISK"
C0980,47237008,9919771.68,1180925.200,"LOW RISK"
C0981,137647031,28905876.51,3441175.775,"HIGH RISK: UNDERPAYMENT"
C0982,105026929,22055655.09,2625673.225,"HIGH RISK: OVERPAYMENT"
C0983,171628535,36041992.35,4290713.375,"HIGH RISK: UNDERPAYMENT"
C0984,139383495,29270533.95,3484587.375,"HIGH RISK: UNDERPAYMENT"
C0985,128174140,26916569.40,3204353.500,"HIGH RISK: OVERPAYMENT"
C0986,51696352,10856233.92,1292408.800,"HIGH RISK: OVERPAYMENT"
C0987,109971968,23094113.28,2749299.200,"HIGH RISK: UNDERPAYMENT"
C0988,201146776,42240822.96,5028669.400,"HIGH RISK: UNDERPAYMENT"
C0989,59093076,12409545.96,1477326.900,"LOW RISK"
C0990,180291851,37861288.71,4507296.275,"HIGH RISK: UNDERPAYMENT"
C0991,108412907,22766710.47,2710322.675,"HIGH RISK: UNDERPAYMENT"
C0992,173643945,36465228.45,4341098.625,"LOW RISK"
C0993,19242840,4040996.40,481071.000,"HIGH RISK: UNDERPAYMENT"
C0994,110120801,23125368.21,2753020.025,"HIGH RISK: UNDERPAYMENT"
C0995,24071835,5055085.35,601795.875,"LOW RISK"
C0996,147756638,31028893.98,3693915.950,"HIGH RISK: OVERPAYMENT"
C0997,12884603,2705766.63,322115.075,"HIGH RISK: OVERPAYMENT"
C0998,63204265,13272895.65,1580106.625,"HIGH RISK: UNDERPAYMENT"
C0999,22918803,4812948.63,572970.075,"HIGH RISK: UNDERPAYMENT"
C1000,105905206,22240093.26,2647630.150,"HIGH RISK: UNDERPAYMENT"
